sigma,method,final_mse
0.01,BFGS_Single,9.508532077457184e-05
0.01,BFGS_MultiStart,9.508532077426966e-05
0.01,Simulated_Annealing,0.0001393422467795325
0.01,Hybrid,9.508532079097586e-05
0.05,BFGS_Single,0.0021469444518434225
0.05,BFGS_MultiStart,0.0021469444518423066
0.05,Simulated_Annealing,0.0022475366633211806
0.05,Hybrid,0.0021469444518432673
0.1,BFGS_Single,0.008558501803344163
0.1,BFGS_MultiStart,0.008558501803343489
0.1,Simulated_Annealing,0.008588506980123544
0.1,Hybrid,0.008558501803617448
0.2,BFGS_Single,0.034204063068984304
0.2,BFGS_MultiStart,0.034204063068774014
0.2,Simulated_Annealing,0.034878542908493716
0.2,Hybrid,0.03420406306877767
0.5,BFGS_Single,0.21372035277751888
0.5,BFGS_MultiStart,0.2137203527775177
0.5,Simulated_Annealing,0.21378439234147675
0.5,Hybrid,0.21372035277752366
1.0,BFGS_Single,0.8548464097672832
1.0,BFGS_MultiStart,0.8548464097672759
1.0,Simulated_Annealing,0.8548546843897358
1.0,Hybrid,0.8548464097672805
1.5,BFGS_Single,1.923388162569676
1.5,BFGS_MultiStart,1.9233881625696576
1.5,Simulated_Annealing,1.923486012649675
1.5,Hybrid,1.9233881625697002
2.0,BFGS_Single,3.419346060171369
2.0,BFGS_MultiStart,3.419346060171353
2.0,Simulated_Annealing,3.4193537619728915
2.0,Hybrid,3.419346075485088
3.0,BFGS_Single,7.693512049174952
3.0,BFGS_MultiStart,7.693512049174887
3.0,Simulated_Annealing,7.693545663913318
3.0,Hybrid,7.693513878484594
5.0,BFGS_Single,21.370856706475305
5.0,BFGS_MultiStart,21.370856706475262
5.0,Simulated_Annealing,21.37095383945314
5.0,Hybrid,21.370856706475305
