seed,solver_type,run_index,status,nfev,final_mse,time_sec
0,BFGS_Single,0,True,15,0.9262981462166788,0.011056661605834961
0,BFGS_MultiStart,0,True,18,0.045329580733942644,0.009393453598022461
0,BFGS_MultiStart,1,True,58,-0.00014606703445930002,0.033951759338378906
0,BFGS_MultiStart,2,True,39,1.6245334405030392,0.020319700241088867
0,BFGS_MultiStart,3,True,40,1.2734538823364243,0.025675535202026367
0,BFGS_MultiStart,4,True,21,20.231010865303283,0.009813547134399414
1,BFGS_Single,0,True,12,6.375919482975921,0.005963802337646484
1,BFGS_MultiStart,0,True,16,0.7583419163735273,0.008489847183227539
1,BFGS_MultiStart,1,True,17,0.046784855307470195,0.008995532989501953
1,BFGS_MultiStart,2,True,18,8.623733916962022,0.007819652557373047
1,BFGS_MultiStart,3,True,46,0.6055708526091733,0.023136138916015625
1,BFGS_MultiStart,4,True,14,1.6685982871621325,0.0069959163665771484
2,BFGS_Single,0,True,39,0.03466417061226107,0.02427506446838379
2,BFGS_MultiStart,0,True,16,0.8614204374358164,0.0077173709869384766
2,BFGS_MultiStart,1,True,26,0.16206404905806615,0.011058568954467773
2,BFGS_MultiStart,2,True,48,0.9474415157415853,0.029714107513427734
2,BFGS_MultiStart,3,True,36,0.019609818080596354,0.020546674728393555
2,BFGS_MultiStart,4,True,18,43.12164162439607,0.010091781616210938
3,BFGS_Single,0,True,15,0.7564358327601087,0.007814884185791016
3,BFGS_MultiStart,0,True,17,0.22309448566764367,0.008714914321899414
3,BFGS_MultiStart,1,True,27,6.133960766940599,0.013060331344604492
3,BFGS_MultiStart,2,True,19,0.3501620920661038,0.01010274887084961
3,BFGS_MultiStart,3,True,33,2.741150790588189,0.012266159057617188
3,BFGS_MultiStart,4,True,39,4.605487950643019,0.019246339797973633
4,BFGS_Single,0,True,15,0.49453349038643063,0.009691238403320312
4,BFGS_MultiStart,0,True,16,0.43181450220713213,0.01237630844116211
4,BFGS_MultiStart,1,True,16,1.7557939391221402,0.008211851119995117
4,BFGS_MultiStart,2,True,26,2.6034148109536215,0.01175236701965332
4,BFGS_MultiStart,3,True,21,2.820211958228116,0.009519100189208984
4,BFGS_MultiStart,4,True,16,6.25195882698163,0.010056734085083008
5,BFGS_Single,0,True,37,1.4929969103786386e-05,0.028310298919677734
5,BFGS_MultiStart,0,True,38,0.00021691821535962512,0.025718212127685547
5,BFGS_MultiStart,1,True,17,0.00035768636994998977,0.010797500610351562
5,BFGS_MultiStart,2,True,38,7.469877388617819,0.01904463768005371
5,BFGS_MultiStart,3,True,43,0.6472206272955694,0.020294904708862305
5,BFGS_MultiStart,4,True,19,0.03753915617906655,0.009708642959594727
6,BFGS_Single,0,True,17,2.1098979996392813,0.006418943405151367
6,BFGS_MultiStart,0,True,36,0.09634632726876576,0.019585847854614258
6,BFGS_MultiStart,1,True,36,0.00014548022221154026,0.02782583236694336
6,BFGS_MultiStart,2,True,16,0.17381935571561755,0.01204991340637207
6,BFGS_MultiStart,3,True,22,0.26570254250057934,0.010382890701293945
6,BFGS_MultiStart,4,True,41,1.3297505661782183e-05,0.030719757080078125
7,BFGS_Single,0,True,48,-1.2724771616874378e-05,0.02618265151977539
7,BFGS_MultiStart,0,True,17,6.976483782915733,0.007422924041748047
7,BFGS_MultiStart,1,True,24,3.548679212368001,0.010245323181152344
7,BFGS_MultiStart,2,True,34,0.10811997249609931,0.016557931900024414
7,BFGS_MultiStart,3,True,39,6.465065680721997,0.019083738327026367
7,BFGS_MultiStart,4,True,20,30.388568905140282,0.012516498565673828
8,BFGS_Single,0,True,19,0.3749611649340244,0.011873483657836914
8,BFGS_MultiStart,0,True,19,1.5772346991114277,0.010366678237915039
8,BFGS_MultiStart,1,True,13,0.09239753151733263,0.00908517837524414
8,BFGS_MultiStart,2,True,38,1.4884871250936345,0.022023439407348633
8,BFGS_MultiStart,3,True,15,0.1935339474115003,0.009284019470214844
8,BFGS_MultiStart,4,True,12,4.517501015150667,0.0062487125396728516
9,BFGS_Single,0,True,17,41.50847618602781,0.008249044418334961
9,BFGS_MultiStart,0,True,18,0.0035746490397461235,0.008767127990722656
9,BFGS_MultiStart,1,True,17,0.015714911226855068,0.008733510971069336
9,BFGS_MultiStart,2,True,22,3.617579307130519,0.009820699691772461
9,BFGS_MultiStart,3,True,16,0.044258341889222313,0.009479522705078125
9,BFGS_MultiStart,4,True,15,0.1371406950006165,0.00682830810546875
10,BFGS_Single,0,True,38,3.67019249920004,0.023179054260253906
10,BFGS_MultiStart,0,True,38,3.7005417951711297,0.024805784225463867
10,BFGS_MultiStart,1,True,15,6.228165452570477,0.005006313323974609
10,BFGS_MultiStart,2,True,16,0.017026395161585335,0.006006002426147461
10,BFGS_MultiStart,3,True,18,17.884077971761467,0.008887052536010742
10,BFGS_MultiStart,4,True,17,0.1364035059873763,0.009005069732666016
11,BFGS_Single,0,True,43,8.036309241431239,0.028517723083496094
11,BFGS_MultiStart,0,True,14,0.14171669280138707,0.009787321090698242
11,BFGS_MultiStart,1,True,35,0.22589938482344551,0.020920276641845703
11,BFGS_MultiStart,2,True,14,1.9942735945079415,0.009327411651611328
11,BFGS_MultiStart,3,True,14,0.04305174209959153,0.008564233779907227
11,BFGS_MultiStart,4,True,16,0.028736273568544315,0.005442619323730469
12,BFGS_Single,0,True,40,9.218286547462486e-05,0.028014183044433594
12,BFGS_MultiStart,0,True,21,0.06772501626068549,0.009229183197021484
12,BFGS_MultiStart,1,True,25,0.04027552358368823,0.013762474060058594
12,BFGS_MultiStart,2,True,23,13.800242065037104,0.011522054672241211
12,BFGS_MultiStart,3,True,35,19.450530214487905,0.021275997161865234
12,BFGS_MultiStart,4,True,14,13.775382270214756,0.0074350833892822266
13,BFGS_Single,0,True,13,3.0714133723706327,0.008378267288208008
13,BFGS_MultiStart,0,True,15,0.0010567340151574974,0.008007287979125977
13,BFGS_MultiStart,1,True,17,2.412352744190274,0.007423877716064453
13,BFGS_MultiStart,2,True,14,22.870960874366755,0.007718086242675781
13,BFGS_MultiStart,3,True,16,42.99257470285807,0.0072422027587890625
13,BFGS_MultiStart,4,True,32,9.637375845951014e-05,0.02445840835571289
14,BFGS_Single,0,True,44,1.754628056808684e-05,0.03159189224243164
14,BFGS_MultiStart,0,True,13,0.006387871933697427,0.006903409957885742
14,BFGS_MultiStart,1,True,29,8.77545032513757,0.011017322540283203
14,BFGS_MultiStart,2,True,36,0.4391373418203872,0.020704984664916992
14,BFGS_MultiStart,3,True,14,2.6413612559658244,0.007324934005737305
14,BFGS_MultiStart,4,True,35,32.08992405405659,0.021810293197631836
15,BFGS_Single,0,True,21,5.35413793730158,0.00845193862915039
15,BFGS_MultiStart,0,True,14,0.29195044903873285,0.009144067764282227
15,BFGS_MultiStart,1,True,14,0.6293048264728694,0.009324312210083008
15,BFGS_MultiStart,2,True,40,0.03486589921950609,0.024031639099121094
15,BFGS_MultiStart,3,True,38,4.834647026240949,0.026718616485595703
15,BFGS_MultiStart,4,True,41,0.0001149295232058106,0.03518366813659668
16,BFGS_Single,0,True,14,7.744882323634827,0.008304595947265625
16,BFGS_MultiStart,0,True,36,4.002617968847741,0.01814723014831543
16,BFGS_MultiStart,1,True,33,2.3038191969160215,0.024040699005126953
16,BFGS_MultiStart,2,True,56,8.82515944606849e-05,0.04325985908508301
16,BFGS_MultiStart,3,True,38,29.792948774090483,0.024753570556640625
16,BFGS_MultiStart,4,True,35,2.99079337873897,0.025539875030517578
17,BFGS_Single,0,True,39,9.27835944379699e-05,0.040329694747924805
17,BFGS_MultiStart,0,True,26,35.08517672348611,0.016816139221191406
17,BFGS_MultiStart,1,True,15,0.07852390355181152,0.014363527297973633
17,BFGS_MultiStart,2,True,13,0.40111506604936276,0.008959293365478516
17,BFGS_MultiStart,3,True,12,0.21583115529741698,0.007495880126953125
17,BFGS_MultiStart,4,True,39,4.733656551741227e-05,0.03163433074951172
18,BFGS_Single,0,True,17,0.048556746261917236,0.00957489013671875
18,BFGS_MultiStart,0,True,16,0.18392620055572195,0.008762598037719727
18,BFGS_MultiStart,1,True,16,1.1737724474986975,0.008577346801757812
18,BFGS_MultiStart,2,True,17,0.002935715866458123,0.0077168941497802734
18,BFGS_MultiStart,3,True,31,6.407140426371527,0.011934757232666016
18,BFGS_MultiStart,4,True,39,7.866419681256084,0.020899057388305664
19,BFGS_Single,0,True,16,53.4226856181826,0.006452322006225586
19,BFGS_MultiStart,0,True,22,0.020751538753008468,0.011936187744140625
19,BFGS_MultiStart,1,True,15,0.17141311717324545,0.007841348648071289
19,BFGS_MultiStart,2,True,26,0.138146639675426,0.011773824691772461
19,BFGS_MultiStart,3,True,37,18.63091205905164,0.0190582275390625
19,BFGS_MultiStart,4,True,14,11.128309880797126,0.007361650466918945
20,BFGS_Single,0,True,16,5.824466747498139,0.010019302368164062
20,BFGS_MultiStart,0,True,33,1.5172275494786895,0.019875049591064453
20,BFGS_MultiStart,1,True,12,3.0060945844506883,0.005209684371948242
20,BFGS_MultiStart,2,True,16,31.481702262350854,0.006912946701049805
20,BFGS_MultiStart,3,True,38,0.14356841504606296,0.018454551696777344
20,BFGS_MultiStart,4,True,20,3.981435749048241,0.011059761047363281
21,BFGS_Single,0,True,35,36.96279900961532,0.02113509178161621
21,BFGS_MultiStart,0,True,29,4.515770110590941,0.01697993278503418
21,BFGS_MultiStart,1,True,17,22.618003474912765,0.009047746658325195
21,BFGS_MultiStart,2,True,38,4.205732227940643,0.0234067440032959
21,BFGS_MultiStart,3,True,33,7.294203857407699e-05,0.03622865676879883
21,BFGS_MultiStart,4,True,16,1.1904586740312335,0.01239466667175293
22,BFGS_Single,0,True,39,0.00010665855608289052,0.03605532646179199
22,BFGS_MultiStart,0,True,13,0.8142579828105545,0.009445667266845703
22,BFGS_MultiStart,1,True,37,0.7264304769669251,0.023684263229370117
22,BFGS_MultiStart,2,True,16,3.561611263931876,0.012399911880493164
22,BFGS_MultiStart,3,True,32,-6.364475309614477e-05,0.02232503890991211
22,BFGS_MultiStart,4,True,15,25.328236105512687,0.007786750793457031
23,BFGS_Single,0,True,16,12.750530537102078,0.01042485237121582
23,BFGS_MultiStart,0,True,40,-6.495374181084594e-05,0.028128623962402344
23,BFGS_MultiStart,1,True,17,0.07412676367429025,0.007566213607788086
23,BFGS_MultiStart,2,True,15,0.5127030559631459,0.00687408447265625
23,BFGS_MultiStart,3,True,39,1.0185812075766956,0.025960683822631836
23,BFGS_MultiStart,4,True,18,12.305849262797919,0.008303165435791016
24,BFGS_Single,0,True,27,0.04836018977674477,0.015286684036254883
24,BFGS_MultiStart,0,True,15,31.22629882776209,0.008728742599487305
24,BFGS_MultiStart,1,True,12,25.808010242922464,0.0064334869384765625
24,BFGS_MultiStart,2,True,14,88.88862637100748,0.008190393447875977
24,BFGS_MultiStart,3,True,36,1.859080590945178e-05,0.03190326690673828
24,BFGS_MultiStart,4,True,13,0.12242512031115713,0.009990692138671875
25,BFGS_Single,0,True,21,0.16854500419021862,0.013407707214355469
25,BFGS_MultiStart,0,True,34,0.04860146164331076,0.02285289764404297
25,BFGS_MultiStart,1,True,14,73.23147369460645,0.009569406509399414
25,BFGS_MultiStart,2,True,16,38.07721779098207,0.011569499969482422
25,BFGS_MultiStart,3,True,17,0.016900660353316353,0.01767110824584961
25,BFGS_MultiStart,4,True,16,0.4513232668160909,0.011424064636230469
26,BFGS_Single,0,True,24,1.9712091581571598,0.013177871704101562
26,BFGS_MultiStart,0,True,36,5.393176133036211,0.027859926223754883
26,BFGS_MultiStart,1,True,28,0.15341735462822942,0.020305395126342773
26,BFGS_MultiStart,2,True,15,2.226240202057837,0.016318798065185547
26,BFGS_MultiStart,3,True,37,3.676347957272335,0.03680896759033203
26,BFGS_MultiStart,4,True,46,4.36535414788209,0.02369832992553711
27,BFGS_Single,0,True,16,11.532694795297319,0.011038541793823242
27,BFGS_MultiStart,0,True,19,0.0043746134864029226,0.010581731796264648
27,BFGS_MultiStart,1,True,18,26.30281830423811,0.010155200958251953
27,BFGS_MultiStart,2,True,15,2.510739846472289,0.008259296417236328
27,BFGS_MultiStart,3,True,17,2.706477747207343,0.012354135513305664
27,BFGS_MultiStart,4,True,68,-0.00011325556330437417,0.058339834213256836
28,BFGS_Single,0,True,20,0.039284125823127805,0.010051250457763672
28,BFGS_MultiStart,0,True,38,0.00021943704908790606,0.03235125541687012
28,BFGS_MultiStart,1,True,32,0.00011586253540340817,0.026568889617919922
28,BFGS_MultiStart,2,True,35,-1.6161051055140838e-05,0.032549381256103516
28,BFGS_MultiStart,3,True,24,24.52129912514729,0.013260364532470703
28,BFGS_MultiStart,4,True,44,35.41976748342886,0.022441625595092773
29,BFGS_Single,0,True,12,2.69455823677305,0.0065021514892578125
29,BFGS_MultiStart,0,True,21,0.20464585846809233,0.01124429702758789
29,BFGS_MultiStart,1,True,19,0.172757625970075,0.011022567749023438
29,BFGS_MultiStart,2,True,18,14.213313607543826,0.00983119010925293
29,BFGS_MultiStart,3,True,41,-8.534143623591174e-05,0.03894233703613281
29,BFGS_MultiStart,4,True,14,1.2482213924631655,0.008113622665405273
30,BFGS_Single,0,True,16,0.514352036801786,0.010846376419067383
30,BFGS_MultiStart,0,True,43,2.2175926778510844,0.02493429183959961
30,BFGS_MultiStart,1,True,23,0.02432687775919516,0.012668371200561523
30,BFGS_MultiStart,2,True,17,22.994717583449386,0.010004520416259766
30,BFGS_MultiStart,3,True,19,1.4433917574271373,0.012729883193969727
30,BFGS_MultiStart,4,True,17,1.9248823392123509,0.012227058410644531
31,BFGS_Single,0,True,21,38.53872461565171,0.01696038246154785
31,BFGS_MultiStart,0,True,18,2.8158208021323867,0.011801719665527344
31,BFGS_MultiStart,1,True,27,0.019929526248753212,0.014002799987792969
31,BFGS_MultiStart,2,True,13,0.31857441532898484,0.009237051010131836
31,BFGS_MultiStart,3,True,16,16.94331295052221,0.009990453720092773
31,BFGS_MultiStart,4,True,42,33.53276041909726,0.021392107009887695
32,BFGS_Single,0,True,15,1.4368852744103944,0.00706791877746582
32,BFGS_MultiStart,0,True,17,0.010075290268239279,0.007741451263427734
32,BFGS_MultiStart,1,True,41,1.0431024256259278,0.021719932556152344
32,BFGS_MultiStart,2,True,14,10.857025174047095,0.0064923763275146484
32,BFGS_MultiStart,3,True,18,9.443834193590869,0.007643938064575195
32,BFGS_MultiStart,4,True,34,1.6688690885810304,0.02089381217956543
33,BFGS_Single,0,True,16,1.498059406221782,0.008430242538452148
33,BFGS_MultiStart,0,True,40,7.797469827649259e-05,0.031558990478515625
33,BFGS_MultiStart,1,True,17,12.52178876587027,0.011011362075805664
33,BFGS_MultiStart,2,True,42,38.33012150545695,0.025052785873413086
33,BFGS_MultiStart,3,True,39,2.192245006124609,0.03036046028137207
33,BFGS_MultiStart,4,True,42,0.3458729789942867,0.026854753494262695
34,BFGS_Single,0,True,17,69.69497095069977,0.008954286575317383
34,BFGS_MultiStart,0,True,18,0.03696024713266694,0.00897836685180664
34,BFGS_MultiStart,1,True,16,7.579370541693446,0.006702423095703125
34,BFGS_MultiStart,2,True,20,8.322617413631123,0.007573366165161133
34,BFGS_MultiStart,3,True,18,1.8679788142609506,0.008048534393310547
34,BFGS_MultiStart,4,True,19,0.0013822236270595813,0.009140491485595703
35,BFGS_Single,0,True,40,0.051113997544425624,0.018926620483398438
35,BFGS_MultiStart,0,True,26,1.0194025512351372,0.01223897933959961
35,BFGS_MultiStart,1,True,14,0.14365040431219445,0.013396501541137695
35,BFGS_MultiStart,2,True,37,7.651611411488719e-05,0.020506858825683594
35,BFGS_MultiStart,3,True,39,-1.9051148338888947e-05,0.02805924415588379
35,BFGS_MultiStart,4,True,34,2.3129569890925525,0.019894123077392578
36,BFGS_Single,0,True,15,0.0043069258248056175,0.008825302124023438
36,BFGS_MultiStart,0,True,39,0.00011782583218958045,0.025183439254760742
36,BFGS_MultiStart,1,True,21,0.21135123082256232,0.00912785530090332
36,BFGS_MultiStart,2,True,13,2.5303482146803504,0.006219625473022461
36,BFGS_MultiStart,3,True,37,0.9585140982078864,0.024710893630981445
36,BFGS_MultiStart,4,True,21,2.6485972226334455,0.013427257537841797
37,BFGS_Single,0,True,17,0.9368151070797318,0.012042999267578125
37,BFGS_MultiStart,0,True,13,0.02016252938531524,0.00860285758972168
37,BFGS_MultiStart,1,True,40,0.002358718662999019,0.0282137393951416
37,BFGS_MultiStart,2,True,17,5.894086947510792,0.01039886474609375
37,BFGS_MultiStart,3,True,25,9.202399944647043,0.012150287628173828
37,BFGS_MultiStart,4,True,34,15.285052565969272,0.018674373626708984
38,BFGS_Single,0,True,38,-0.00012135334553863391,0.02758026123046875
38,BFGS_MultiStart,0,True,42,3.1715259341992295,0.027642250061035156
38,BFGS_MultiStart,1,True,35,0.0002721884664302565,0.02832627296447754
38,BFGS_MultiStart,2,True,13,0.04028314906448414,0.008169889450073242
38,BFGS_MultiStart,3,True,39,6.869503385419782,0.02251601219177246
38,BFGS_MultiStart,4,True,43,7.673416079705321,0.02237534523010254
39,BFGS_Single,0,True,18,3.481921528960326,0.009155750274658203
39,BFGS_MultiStart,0,True,40,4.6744792176792025,0.02079319953918457
39,BFGS_MultiStart,1,True,17,0.0006048792220436976,0.010654449462890625
39,BFGS_MultiStart,2,True,17,0.15613773806616826,0.0074160099029541016
39,BFGS_MultiStart,3,True,14,24.358116625674942,0.008042097091674805
39,BFGS_MultiStart,4,True,15,16.96072550606284,0.008485555648803711
40,BFGS_Single,0,True,37,0.0011892235232921114,0.02379631996154785
40,BFGS_MultiStart,0,True,34,6.684699750925592e-05,0.0248258113861084
40,BFGS_MultiStart,1,True,43,1.3840377904775234,0.019971609115600586
40,BFGS_MultiStart,2,True,38,19.90555911973109,0.03008127212524414
40,BFGS_MultiStart,3,True,18,0.07035319586206651,0.011803388595581055
40,BFGS_MultiStart,4,True,39,-2.100574387904243e-05,0.025031089782714844
41,BFGS_Single,0,True,42,1.7761923133105293,0.03185892105102539
41,BFGS_MultiStart,0,True,15,0.14043952927647105,0.00954747200012207
41,BFGS_MultiStart,1,True,23,1.456258893704197,0.01047372817993164
41,BFGS_MultiStart,2,True,23,0.2091773134079447,0.010493993759155273
41,BFGS_MultiStart,3,True,46,23.215219330934058,0.02417922019958496
41,BFGS_MultiStart,4,True,15,62.036386497063134,0.005815982818603516
42,BFGS_Single,0,True,22,26.413706319147256,0.009367942810058594
42,BFGS_MultiStart,0,True,16,1.2066752893815114,0.005897998809814453
42,BFGS_MultiStart,1,True,19,0.27995035503438215,0.006448030471801758
42,BFGS_MultiStart,2,True,18,48.89426972733135,0.007567167282104492
42,BFGS_MultiStart,3,True,14,4.310211824958553,0.006634712219238281
42,BFGS_MultiStart,4,True,41,0.00012096535871479629,0.023374557495117188
43,BFGS_Single,0,True,12,32.16125001969901,0.0046193599700927734
43,BFGS_MultiStart,0,True,31,-0.00012021826652920908,0.022917985916137695
43,BFGS_MultiStart,1,True,19,0.9395168250349185,0.008015632629394531
43,BFGS_MultiStart,2,True,17,1.8071976774192011,0.005765676498413086
43,BFGS_MultiStart,3,True,17,0.12109683711882442,0.007035255432128906
43,BFGS_MultiStart,4,True,16,0.22466359291163843,0.005627155303955078
44,BFGS_Single,0,True,34,4.929308407335915,0.01619100570678711
44,BFGS_MultiStart,0,True,16,4.144438082174074,0.03442955017089844
44,BFGS_MultiStart,1,True,40,50.19474745713442,0.02381420135498047
44,BFGS_MultiStart,2,True,28,6.548113485224429e-05,0.010457038879394531
44,BFGS_MultiStart,3,True,19,16.306527152223055,0.0067331790924072266
44,BFGS_MultiStart,4,True,20,0.043929620747145605,0.007433891296386719
45,BFGS_Single,0,True,11,0.5376724925024916,0.009735345840454102
45,BFGS_MultiStart,0,True,10,75.1570307970301,0.0038738250732421875
45,BFGS_MultiStart,1,True,17,67.19692140955414,0.005375385284423828
45,BFGS_MultiStart,2,True,18,0.02829308821182122,0.007463932037353516
45,BFGS_MultiStart,3,True,37,7.305443113229625,0.014126300811767578
45,BFGS_MultiStart,4,True,16,6.82758372000717,0.006423473358154297
46,BFGS_Single,0,True,12,0.00599568961272495,0.0054247379302978516
46,BFGS_MultiStart,0,True,17,0.014458539866677163,0.007055044174194336
46,BFGS_MultiStart,1,True,15,0.18684998842956418,0.007410764694213867
46,BFGS_MultiStart,2,True,11,0.09874432918596143,0.005235910415649414
46,BFGS_MultiStart,3,True,15,6.84524689593011,0.005609035491943359
46,BFGS_MultiStart,4,True,16,1.2492942737441834,0.008203268051147461
47,BFGS_Single,0,True,17,71.02613116196618,0.005451202392578125
47,BFGS_MultiStart,0,True,20,0.05149514800205478,0.010112762451171875
47,BFGS_MultiStart,1,True,21,0.15027829827254954,0.006892681121826172
47,BFGS_MultiStart,2,True,20,7.942601764869662,0.014278888702392578
47,BFGS_MultiStart,3,True,33,3.1672873185724675,0.0172576904296875
47,BFGS_MultiStart,4,True,61,7.090637518639029e-05,0.042252540588378906
48,BFGS_Single,0,True,38,6.975181937559174e-05,0.022577524185180664
48,BFGS_MultiStart,0,True,44,0.04199042980333408,0.022280216217041016
48,BFGS_MultiStart,1,True,17,0.6127609614274947,0.006785392761230469
48,BFGS_MultiStart,2,True,17,0.01192859169565893,0.008059501647949219
48,BFGS_MultiStart,3,True,43,8.05649121462632,0.021233558654785156
48,BFGS_MultiStart,4,True,28,8.140464607878437e-05,0.021139860153198242
49,BFGS_Single,0,True,33,0.3740028516757859,0.014519691467285156
49,BFGS_MultiStart,0,True,28,8.515382822842964,0.010532617568969727
49,BFGS_MultiStart,1,True,37,8.910867288295331e-05,0.017102956771850586
49,BFGS_MultiStart,2,True,16,28.957773052333877,0.007893562316894531
49,BFGS_MultiStart,3,True,37,0.00012226359038794787,0.023902177810668945
49,BFGS_MultiStart,4,True,56,40.683398622686404,0.01994037628173828
50,BFGS_Single,0,True,34,0.18990176512547413,0.014070510864257812
50,BFGS_MultiStart,0,True,24,11.746107523313364,0.009291887283325195
50,BFGS_MultiStart,1,True,14,0.11719004924390954,0.008013010025024414
50,BFGS_MultiStart,2,True,22,0.20999477753549736,0.010930538177490234
50,BFGS_MultiStart,3,True,42,9.87970045237344,0.01858687400817871
50,BFGS_MultiStart,4,True,13,3.766302030007914,0.008130788803100586
51,BFGS_Single,0,True,40,2.0108745669845685,0.021181106567382812
51,BFGS_MultiStart,0,True,17,0.26215853487099294,0.008637428283691406
51,BFGS_MultiStart,1,True,36,6.58133509126476,0.021317720413208008
51,BFGS_MultiStart,2,True,16,15.306535237239633,0.009516000747680664
51,BFGS_MultiStart,3,True,26,5.788930513179318,0.01548147201538086
51,BFGS_MultiStart,4,True,15,0.10821729889346338,0.01062917709350586
52,BFGS_Single,0,True,41,4.753183951028032,0.02388906478881836
52,BFGS_MultiStart,0,True,22,3.1642924480810386,0.012082576751708984
52,BFGS_MultiStart,1,True,14,0.0038337079450557667,0.009705305099487305
52,BFGS_MultiStart,2,True,12,29.555303977677738,0.007946014404296875
52,BFGS_MultiStart,3,True,17,0.003071499036532371,0.011914253234863281
52,BFGS_MultiStart,4,True,17,0.20377919955097162,0.010210752487182617
53,BFGS_Single,0,True,21,-7.134240286508235e-05,0.011978626251220703
53,BFGS_MultiStart,0,True,14,3.761983461849111,0.009150981903076172
53,BFGS_MultiStart,1,True,33,3.0706563286002816e-05,0.02897930145263672
53,BFGS_MultiStart,2,True,15,0.07375848162761732,0.010578632354736328
53,BFGS_MultiStart,3,True,34,0.14931656028683296,0.02150273323059082
53,BFGS_MultiStart,4,True,20,3.5670545700158462,0.009963035583496094
54,BFGS_Single,0,True,34,0.0003159449407758209,0.015577077865600586
54,BFGS_MultiStart,0,True,14,1.126856955491516,0.006626129150390625
54,BFGS_MultiStart,1,True,16,11.727750660981139,0.00822901725769043
54,BFGS_MultiStart,2,True,23,-0.00010980796794000106,0.01139378547668457
54,BFGS_MultiStart,3,True,14,6.568459854897594,0.0065441131591796875
54,BFGS_MultiStart,4,True,16,2.5173744728253125,0.0060977935791015625
55,BFGS_Single,0,True,22,75.28383850372114,0.007242441177368164
55,BFGS_MultiStart,0,True,13,0.032850864440906374,0.006322145462036133
55,BFGS_MultiStart,1,True,36,4.578974213962146,0.012120723724365234
55,BFGS_MultiStart,2,True,47,31.95150943058194,0.019895076751708984
55,BFGS_MultiStart,3,True,37,2.021457970750316,0.017023086547851562
55,BFGS_MultiStart,4,True,14,1.9360781453911866,0.007384061813354492
56,BFGS_Single,0,True,34,2.559134048513262,0.01343083381652832
56,BFGS_MultiStart,0,True,15,1.8373060330723316,0.0056612491607666016
56,BFGS_MultiStart,1,True,52,30.22059060128443,0.024359703063964844
56,BFGS_MultiStart,2,True,39,5.453469964893167e-05,0.026371240615844727
56,BFGS_MultiStart,3,True,16,0.9267612589346685,0.008882284164428711
56,BFGS_MultiStart,4,True,20,0.02331521142378382,0.009043216705322266
57,BFGS_Single,0,True,37,26.521668120674384,0.0220944881439209
57,BFGS_MultiStart,0,True,15,0.03078517606883985,0.006570339202880859
57,BFGS_MultiStart,1,True,31,9.099714600236578e-05,0.0228574275970459
57,BFGS_MultiStart,2,True,18,18.619628807473905,0.009093523025512695
57,BFGS_MultiStart,3,True,45,2.4270159042866166,0.025336027145385742
57,BFGS_MultiStart,4,True,35,0.20909392297340174,0.01573801040649414
58,BFGS_Single,0,True,17,0.1144448985273899,0.008159160614013672
58,BFGS_MultiStart,0,True,14,0.0007382724477050152,0.00656580924987793
58,BFGS_MultiStart,1,True,16,0.22250729501807015,0.007409811019897461
58,BFGS_MultiStart,2,True,17,61.67978262697953,0.008059501647949219
58,BFGS_MultiStart,3,True,24,-2.467718560461925e-05,0.01225900650024414
58,BFGS_MultiStart,4,True,71,-9.967750944842773e-05,0.04354667663574219
59,BFGS_Single,0,True,32,8.48235140331955e-05,0.023369789123535156
59,BFGS_MultiStart,0,True,46,0.00011280025530078601,0.04270029067993164
59,BFGS_MultiStart,1,True,17,3.5722778680640794,0.010041952133178711
59,BFGS_MultiStart,2,True,43,0.0001481398229087189,0.038633108139038086
59,BFGS_MultiStart,3,True,41,14.851724454029528,0.0306243896484375
59,BFGS_MultiStart,4,True,17,0.04544292896159679,0.01693248748779297
60,BFGS_Single,0,True,47,0.3324874455847362,0.0363919734954834
60,BFGS_MultiStart,0,True,15,0.0820223328697952,0.008469104766845703
60,BFGS_MultiStart,1,True,22,0.04754242957721232,0.01272273063659668
60,BFGS_MultiStart,2,True,31,-9.980217141438464e-05,0.01919078826904297
60,BFGS_MultiStart,3,True,15,14.263373726807549,0.008893728256225586
60,BFGS_MultiStart,4,True,33,0.19293226464791202,0.020718812942504883
61,BFGS_Single,0,True,20,4.798849689911748,0.013588428497314453
61,BFGS_MultiStart,0,True,17,2.3925405723209647,0.010210752487182617
61,BFGS_MultiStart,1,True,39,5.3775702152518575e-05,0.03410649299621582
61,BFGS_MultiStart,2,True,39,22.242643894926083,0.0341799259185791
61,BFGS_MultiStart,3,True,37,0.3916964752829681,0.03182053565979004
61,BFGS_MultiStart,4,True,41,6.20074344039692e-05,0.02611231803894043
62,BFGS_Single,0,True,18,33.71347248190955,0.009662628173828125
62,BFGS_MultiStart,0,True,39,8.686026997794217,0.0258181095123291
62,BFGS_MultiStart,1,True,38,0.007113088393047085,0.024128198623657227
62,BFGS_MultiStart,2,True,15,2.107828442507307,0.00669550895690918
62,BFGS_MultiStart,3,True,16,0.0810903466302028,0.0077555179595947266
62,BFGS_MultiStart,4,True,41,7.067134841545153,0.02059030532836914
63,BFGS_Single,0,True,14,0.18293728627693162,0.0052263736724853516
63,BFGS_MultiStart,0,True,28,2.4837033225128025,0.01169729232788086
63,BFGS_MultiStart,1,True,45,11.684618654932079,0.024988651275634766
63,BFGS_MultiStart,2,True,38,0.25041414568859116,0.022123336791992188
63,BFGS_MultiStart,3,True,39,1.6506504436252976,0.024545669555664062
63,BFGS_MultiStart,4,True,31,7.214614449662609e-06,0.02541494369506836
64,BFGS_Single,0,True,23,1.22362442764669,0.010124444961547852
64,BFGS_MultiStart,0,True,47,-6.0809354998868186e-05,0.0315549373626709
64,BFGS_MultiStart,1,True,14,3.7118840002431726,0.00906825065612793
64,BFGS_MultiStart,2,True,27,13.723890716895486,0.012241125106811523
64,BFGS_MultiStart,3,True,16,25.868014287227663,0.006211757659912109
64,BFGS_MultiStart,4,True,18,0.02885712664522357,0.01043081283569336
65,BFGS_Single,0,True,50,4.024387183885991,0.029532432556152344
65,BFGS_MultiStart,0,True,15,19.254862890180238,0.010763883590698242
65,BFGS_MultiStart,1,True,42,5.362608386082086,0.028943300247192383
65,BFGS_MultiStart,2,True,38,-3.06956205249675e-05,0.03423285484313965
65,BFGS_MultiStart,3,True,21,8.634833585488838,0.014255523681640625
65,BFGS_MultiStart,4,True,13,0.2893852624176399,0.009392261505126953
66,BFGS_Single,0,True,70,6.083660290794287e-05,0.055286407470703125
66,BFGS_MultiStart,0,True,49,30.32318209402099,0.03257131576538086
66,BFGS_MultiStart,1,True,25,0.2552647583087176,0.013936758041381836
66,BFGS_MultiStart,2,True,14,19.15980178175176,0.009169578552246094
66,BFGS_MultiStart,3,True,40,0.079425031848379,0.029848814010620117
66,BFGS_MultiStart,4,True,37,0.4130634492476773,0.029451370239257812
67,BFGS_Single,0,True,16,6.1743054214129724,0.013929605484008789
67,BFGS_MultiStart,0,True,13,17.98889717465435,0.00927114486694336
67,BFGS_MultiStart,1,True,17,0.33400797885332906,0.009478569030761719
67,BFGS_MultiStart,2,True,45,23.8665259100446,0.024639129638671875
67,BFGS_MultiStart,3,True,20,0.10874402784974899,0.010292768478393555
67,BFGS_MultiStart,4,True,45,14.439214789066126,0.026520967483520508
68,BFGS_Single,0,True,42,1.3370816894491462,0.02616596221923828
68,BFGS_MultiStart,0,True,42,39.347732259861395,0.028464078903198242
68,BFGS_MultiStart,1,True,37,0.08608865312035413,0.0305938720703125
68,BFGS_MultiStart,2,True,17,7.257739525230892,0.01172494888305664
68,BFGS_MultiStart,3,True,35,0.21172923551370143,0.024849414825439453
68,BFGS_MultiStart,4,True,14,1.097408228599222,0.009654998779296875
69,BFGS_Single,0,True,36,0.0001873226848275,0.038294076919555664
69,BFGS_MultiStart,0,True,23,36.13737097039053,0.023102283477783203
69,BFGS_MultiStart,1,True,35,-5.525688478018833e-06,0.02963709831237793
69,BFGS_MultiStart,2,True,45,0.015418744864383143,0.030114412307739258
69,BFGS_MultiStart,3,True,19,1.01130337457963,0.015059232711791992
69,BFGS_MultiStart,4,True,17,15.684721180335512,0.015769481658935547
70,BFGS_Single,0,True,28,0.0722992272964799,0.022513866424560547
70,BFGS_MultiStart,0,True,15,0.6365927868968217,0.012171268463134766
70,BFGS_MultiStart,1,True,14,0.06505113243959716,0.00946354866027832
70,BFGS_MultiStart,2,True,20,1.5788537602224408,0.01168513298034668
70,BFGS_MultiStart,3,True,20,4.061249272280234,0.013028621673583984
70,BFGS_MultiStart,4,True,42,0.11448772529483874,0.04422163963317871
71,BFGS_Single,0,True,17,1.3787323984009365,0.021289587020874023
71,BFGS_MultiStart,0,True,16,3.426746551227636,0.026173114776611328
71,BFGS_MultiStart,1,True,18,4.159585668292442,0.014817476272583008
71,BFGS_MultiStart,2,True,17,75.23810279038817,0.009958028793334961
71,BFGS_MultiStart,3,True,18,1.5061635870638603,0.012366771697998047
71,BFGS_MultiStart,4,True,17,0.1749407992822782,0.01005864143371582
72,BFGS_Single,0,True,35,-7.346923197869185e-05,0.032453298568725586
72,BFGS_MultiStart,0,True,13,1.6297495606623438,0.0073032379150390625
72,BFGS_MultiStart,1,True,17,0.04239677405583904,0.007525444030761719
72,BFGS_MultiStart,2,True,14,0.2376968201371451,0.006680727005004883
72,BFGS_MultiStart,3,True,21,0.0238380531801576,0.009986639022827148
72,BFGS_MultiStart,4,True,14,0.1331063216998411,0.00845479965209961
73,BFGS_Single,0,True,16,0.007118935547389647,0.009503364562988281
73,BFGS_MultiStart,0,True,41,0.14535756486791918,0.02219533920288086
73,BFGS_MultiStart,1,True,61,0.00014541110241145068,0.04186749458312988
73,BFGS_MultiStart,2,True,14,3.2464252380319634,0.0064544677734375
73,BFGS_MultiStart,3,True,13,0.47231088933797094,0.006114959716796875
73,BFGS_MultiStart,4,True,39,4.39827643676052,0.02187323570251465
74,BFGS_Single,0,True,40,0.0001468089095346681,0.024492740631103516
74,BFGS_MultiStart,0,True,43,0.31644663681047547,0.024257659912109375
74,BFGS_MultiStart,1,True,13,0.0033801456282111916,0.006393909454345703
74,BFGS_MultiStart,2,True,17,0.25154305474906474,0.006841897964477539
74,BFGS_MultiStart,3,True,21,9.811840153292485,0.009268045425415039
74,BFGS_MultiStart,4,True,15,0.0425682075051259,0.012046337127685547
75,BFGS_Single,0,True,38,0.7438242827678163,0.0209195613861084
75,BFGS_MultiStart,0,True,14,0.08755468841942214,0.008176326751708984
75,BFGS_MultiStart,1,True,16,0.17592754334959246,0.010307788848876953
75,BFGS_MultiStart,2,True,37,1.8774144631252483,0.02129673957824707
75,BFGS_MultiStart,3,True,22,1.4196519777738141,0.012228965759277344
75,BFGS_MultiStart,4,True,21,2.7064542620850576,0.012963533401489258
76,BFGS_Single,0,True,34,-3.6667719261041195e-05,0.029035091400146484
76,BFGS_MultiStart,0,True,40,0.6621814451959829,0.02787041664123535
76,BFGS_MultiStart,1,True,17,0.02845979157125764,0.00928187370300293
76,BFGS_MultiStart,2,True,18,0.1691927933541162,0.007472991943359375
76,BFGS_MultiStart,3,True,33,6.272903679666028e-06,0.024402856826782227
76,BFGS_MultiStart,4,True,13,1.7642264943305106,0.0068094730377197266
77,BFGS_Single,0,True,17,0.09817157923180653,0.012350320816040039
77,BFGS_MultiStart,0,True,45,23.43139155529524,0.02417469024658203
77,BFGS_MultiStart,1,True,46,11.016380105681062,0.02634406089782715
77,BFGS_MultiStart,2,True,20,0.0316797148683749,0.00836491584777832
77,BFGS_MultiStart,3,True,39,22.944296291448374,0.019632816314697266
77,BFGS_MultiStart,4,True,35,0.45278605674707917,0.019840240478515625
78,BFGS_Single,0,True,16,55.82817213431467,0.007380962371826172
78,BFGS_MultiStart,0,True,38,25.64057135976326,0.023691654205322266
78,BFGS_MultiStart,1,True,38,0.2603712878230049,0.023761987686157227
78,BFGS_MultiStart,2,True,45,7.531681873091733e-05,0.03365612030029297
78,BFGS_MultiStart,3,True,16,3.5271680654981945,0.007090568542480469
78,BFGS_MultiStart,4,True,17,0.13204798192362804,0.008525609970092773
79,BFGS_Single,0,True,15,0.0002348320987869076,0.006632328033447266
79,BFGS_MultiStart,0,True,37,0.00013404981761877598,0.021884441375732422
79,BFGS_MultiStart,1,True,61,0.00011155547097981893,0.04108691215515137
79,BFGS_MultiStart,2,True,35,11.690040132776314,0.018486499786376953
79,BFGS_MultiStart,3,True,15,58.96855104306441,0.006337881088256836
79,BFGS_MultiStart,4,True,16,16.336184112503997,0.005759000778198242
80,BFGS_Single,0,True,17,1.135808207993031,0.005638837814331055
80,BFGS_MultiStart,0,True,38,0.4324403189440243,0.017972230911254883
80,BFGS_MultiStart,1,True,59,6.363207954260325e-05,0.02870488166809082
80,BFGS_MultiStart,2,True,17,0.05918981337387137,0.00637364387512207
80,BFGS_MultiStart,3,True,43,8.763629739435403e-05,0.02324652671813965
80,BFGS_MultiStart,4,True,38,0.7536069237756479,0.017273664474487305
81,BFGS_Single,0,True,28,0.013499849274868699,0.010739803314208984
81,BFGS_MultiStart,0,True,50,3.3795988807773396,0.026818037033081055
81,BFGS_MultiStart,1,True,18,0.04186535510378152,0.008788824081420898
81,BFGS_MultiStart,2,True,41,0.7009099970174708,0.018869876861572266
81,BFGS_MultiStart,3,True,11,0.0002328426255797669,0.005555152893066406
81,BFGS_MultiStart,4,True,16,12.663626983744823,0.007769584655761719
82,BFGS_Single,0,True,44,0.00010335795468041927,0.021693706512451172
82,BFGS_MultiStart,0,True,20,0.011480788194025886,0.010409355163574219
82,BFGS_MultiStart,1,True,16,4.255145701041595,0.0072021484375
82,BFGS_MultiStart,2,True,15,0.09834679776504697,0.007403135299682617
82,BFGS_MultiStart,3,True,16,0.3252778995339473,0.007089376449584961
82,BFGS_MultiStart,4,True,19,2.5049637660548303,0.008266687393188477
83,BFGS_Single,0,True,35,2.073124982251002e-05,0.02036428451538086
83,BFGS_MultiStart,0,True,17,6.209325867099529,0.008022069931030273
83,BFGS_MultiStart,1,True,39,0.5182265619662559,0.021594762802124023
83,BFGS_MultiStart,2,True,17,0.5942328565547542,0.00897526741027832
83,BFGS_MultiStart,3,True,19,0.03632789803067166,0.009361982345581055
83,BFGS_MultiStart,4,True,41,0.548245363918143,0.019560575485229492
84,BFGS_Single,0,True,65,2.773972868285139e-05,0.03505969047546387
84,BFGS_MultiStart,0,True,19,22.94183262599905,0.007292270660400391
84,BFGS_MultiStart,1,True,36,0.11801249224832067,0.02035379409790039
84,BFGS_MultiStart,2,True,23,0.4755074303822066,0.010530948638916016
84,BFGS_MultiStart,3,True,19,1.2118129469398247,0.0069010257720947266
84,BFGS_MultiStart,4,True,23,1.442893102414211,0.007135868072509766
85,BFGS_Single,0,True,15,0.01906159763675729,0.0051844120025634766
85,BFGS_MultiStart,0,True,14,0.18601617259048456,0.00753474235534668
85,BFGS_MultiStart,1,True,13,0.3126011104520982,0.00751042366027832
85,BFGS_MultiStart,2,True,37,5.906399957474446,0.011394023895263672
85,BFGS_MultiStart,3,True,14,17.26212069555905,0.00504612922668457
85,BFGS_MultiStart,4,True,37,0.0002039493698257681,0.022198200225830078
86,BFGS_Single,0,True,41,6.6082963205,0.01880335807800293
86,BFGS_MultiStart,0,True,12,43.85314792619889,0.008941173553466797
86,BFGS_MultiStart,1,True,25,0.005636040469095345,0.007825851440429688
86,BFGS_MultiStart,2,True,16,4.45212171154384,0.005963802337646484
86,BFGS_MultiStart,3,True,14,40.09821896505351,0.00705409049987793
86,BFGS_MultiStart,4,True,16,23.892837142974404,0.005631923675537109
87,BFGS_Single,0,True,21,5.117555700487181,0.006818294525146484
87,BFGS_MultiStart,0,True,15,1.4303036353760428,0.005150318145751953
87,BFGS_MultiStart,1,True,16,11.355224900128707,0.00790715217590332
87,BFGS_MultiStart,2,True,21,17.288437546606314,0.008913755416870117
87,BFGS_MultiStart,3,True,19,0.07527268418335939,0.007771968841552734
87,BFGS_MultiStart,4,True,24,4.061018474816693,0.010350227355957031
88,BFGS_Single,0,True,17,0.04309722096230123,0.008174657821655273
88,BFGS_MultiStart,0,True,13,0.01186386691174466,0.005489349365234375
88,BFGS_MultiStart,1,True,37,0.4753181566729192,0.018573760986328125
88,BFGS_MultiStart,2,True,16,0.006349216446129502,0.007074832916259766
88,BFGS_MultiStart,3,True,19,0.42061640169462916,0.00614166259765625
88,BFGS_MultiStart,4,True,32,0.00012562054678737632,0.0166018009185791
89,BFGS_Single,0,True,35,0.20701352406650772,0.015162467956542969
89,BFGS_MultiStart,0,True,16,0.45741755334466466,0.022015810012817383
89,BFGS_MultiStart,1,True,13,0.01528402071619474,0.0060384273529052734
89,BFGS_MultiStart,2,True,43,3.9904085019306996,0.016355037689208984
89,BFGS_MultiStart,3,True,43,42.443879810845154,0.015937089920043945
89,BFGS_MultiStart,4,True,38,0.056246263855533704,0.018580913543701172
90,BFGS_Single,0,True,56,0.00018703538862186784,0.02954554557800293
90,BFGS_MultiStart,0,True,36,25.606035283275663,0.017696857452392578
90,BFGS_MultiStart,1,True,19,0.4304574172209299,0.007602691650390625
90,BFGS_MultiStart,2,True,39,3.292775833070075,0.013292312622070312
90,BFGS_MultiStart,3,True,42,2.097553179752247,0.032063961029052734
90,BFGS_MultiStart,4,True,12,0.004297460700011376,0.0074520111083984375
91,BFGS_Single,0,True,38,7.473488442342269,0.01752305030822754
91,BFGS_MultiStart,0,True,16,0.18346415254758613,0.009499549865722656
91,BFGS_MultiStart,1,True,28,7.702257361632025e-05,0.019214153289794922
91,BFGS_MultiStart,2,True,34,0.7370604317426674,0.014874696731567383
91,BFGS_MultiStart,3,True,19,1.7989999138841517,0.006934404373168945
91,BFGS_MultiStart,4,True,45,-8.184069842225504e-05,0.03014230728149414
92,BFGS_Single,0,True,18,0.021361514819043807,0.006876945495605469
92,BFGS_MultiStart,0,True,16,0.014418927392708274,0.008781671524047852
92,BFGS_MultiStart,1,True,15,0.009219774575315615,0.00543522834777832
92,BFGS_MultiStart,2,True,39,0.661451851037802,0.016743183135986328
92,BFGS_MultiStart,3,True,14,10.994252579086446,0.0048596858978271484
92,BFGS_MultiStart,4,True,38,7.9047367746271595,0.015414237976074219
93,BFGS_Single,0,True,14,0.13903042205950114,0.007234811782836914
93,BFGS_MultiStart,0,True,51,3.1010024682769036e-05,0.028273344039916992
93,BFGS_MultiStart,1,True,41,4.670557735649213,0.020362377166748047
93,BFGS_MultiStart,2,True,16,26.510914612942415,0.008156299591064453
93,BFGS_MultiStart,3,True,33,-7.97638671025706e-05,0.015250205993652344
93,BFGS_MultiStart,4,True,18,14.223666538798856,0.008620977401733398
94,BFGS_Single,0,True,13,0.0008779824477112287,0.006135463714599609
94,BFGS_MultiStart,0,True,55,5.099944303014369,0.025667667388916016
94,BFGS_MultiStart,1,True,16,46.18775725419482,0.007046937942504883
94,BFGS_MultiStart,2,True,15,2.516422941794613,0.006045103073120117
94,BFGS_MultiStart,3,True,33,5.121001853660992e-06,0.0166623592376709
94,BFGS_MultiStart,4,True,13,0.20478856223811506,0.00574946403503418
95,BFGS_Single,0,True,38,3.8715625919860197,0.015813827514648438
95,BFGS_MultiStart,0,True,39,0.5760065342393663,0.019272565841674805
95,BFGS_MultiStart,1,True,19,0.9185478807276134,0.010137557983398438
95,BFGS_MultiStart,2,True,39,2.5139599658600282,0.022557973861694336
95,BFGS_MultiStart,3,True,18,47.33192395719979,0.010005712509155273
95,BFGS_MultiStart,4,True,36,-3.936347129530464e-06,0.02017498016357422
96,BFGS_Single,0,True,23,45.51840817176603,0.009979009628295898
96,BFGS_MultiStart,0,True,19,3.9622731633924473,0.011321783065795898
96,BFGS_MultiStart,1,True,35,3.005907424110745,0.019765615463256836
96,BFGS_MultiStart,2,True,16,71.02638838272377,0.00897979736328125
96,BFGS_MultiStart,3,True,37,0.21231976738076788,0.021512269973754883
96,BFGS_MultiStart,4,True,13,2.341448215675672,0.003914833068847656
97,BFGS_Single,0,True,18,0.7169143893286308,0.00778651237487793
97,BFGS_MultiStart,0,True,14,8.04856281843096,0.008304595947265625
97,BFGS_MultiStart,1,True,32,25.93776084833097,0.018778324127197266
97,BFGS_MultiStart,2,True,14,0.20168087755859226,0.008817672729492188
97,BFGS_MultiStart,3,True,16,1.6409626575482716,0.006768703460693359
97,BFGS_MultiStart,4,True,55,6.281780953893852e-05,0.028777360916137695
98,BFGS_Single,0,True,14,0.034401894394546044,0.005102872848510742
98,BFGS_MultiStart,0,True,16,1.2998154745343697,0.008295297622680664
98,BFGS_MultiStart,1,True,32,0.21607718346534854,0.014611005783081055
98,BFGS_MultiStart,2,True,18,18.626528346699885,0.008015632629394531
98,BFGS_MultiStart,3,True,34,3.6010787186412805,0.01671147346496582
98,BFGS_MultiStart,4,True,37,1.2730431207287676,0.022752761840820312
99,BFGS_Single,0,True,16,0.11184955038035695,0.006750345230102539
99,BFGS_MultiStart,0,True,13,0.4272330025141252,0.0049991607666015625
99,BFGS_MultiStart,1,True,15,0.006882455224797803,0.006355762481689453
99,BFGS_MultiStart,2,True,14,46.22929301385464,0.006670713424682617
99,BFGS_MultiStart,3,True,13,2.273633877217159,0.0066602230072021484
99,BFGS_MultiStart,4,True,13,0.003652931793169458,0.005278825759887695
