Scenario,Algorithm,TimeTaken_sec,FunctionEvals,FinalArea,FinalVolume,TargetVolume,VolumeError,FinalCost,BestRadii,BestHeights
Mandatory Ref Case,Sa,1.8152830600738525,16540,7876.705210530342,70320.05597051253,70320.0,0.05597051253425889,8189.975037865105,"[39.3, 28.440333496709183, 23.900741103798186, 22.705704048608276, 21.570418846177862, 21.070418846177862, 21.669166759009588, 22.809649220010094, 24.010157073694838, 25.273849551257726, 27.4]","[3.65, 3.65, 3.65, 3.65, 3.65, 3.65, 3.65, 3.65, 3.65, 3.65]"
Variable Heights,Sa,1.6058013439178467,16540,7871.4547075786395,70319.9934768891,70320.0,0.006523110903799534,7875.709805164966,"[39.3, 28.440333496709183, 23.900741103798186, 22.705704048608276, 21.570418846177862, 21.070418846177862, 21.669166759009588, 22.809649220010094, 24.010157073694838, 25.273849551257726, 27.4]","[3.6599021528753743, 3.665522489748781, 3.6197641688900544, 3.650539362433132, 3.6364090131572584, 3.6411926697927113, 3.6509850146255105, 3.6051225605180837, 3.643718736527402, 3.6963266292572774]"
Full Freedom,Sa,6.164758205413818,16540,10540.05084675529,70320.43116448812,70320.0,0.4311644881236134,29130.332428645044,"[39.3, 27.668478361650642, 19.863594233824703, 16.472842157959803, 13.665548518979458, 11.057178852030505, 11.557178852030505, 13.278587399627318, 16.603939727620237, 21.387565088020914, 27.4]","[8.109831403531507, 0.657635081756483, 5.563467626542274, 3.342933742950227, 14.135745052634658, 7.5684384680022205, 4.612593681622741, 11.732947991060488, 7.836963406499471, 1.5058158989773829]"
Tight Waist,Sa,5.148865699768066,16540,7779.184322625649,70319.96867686682,70320.0,0.03132313318201341,7877.2981898594635,"[39.3, 32.11793596541867, 27.469816206492496, 23.65793099191346, 20.468748157796153, 19.19433819858989, 19.69433819858989, 20.79770139713539, 22.077261317749315, 23.7400272529701, 27.4]","[3.65, 3.65, 3.65, 3.65, 3.65, 3.65, 3.65, 3.65, 3.65, 3.65]"
Cylindrical Start,Sa,4.846315383911133,16540,8053.967397082634,70320.18032217366,70320.0,0.18032217366271652,11305.576028527325,"[39.3, 25.40100350220535, 24.13095332709508, 22.924405660740327, 21.77818537770331, 21.27818537770331, 22.317471249999997, 23.492074999999996, 24.728499999999997, 26.029999999999998, 27.4]","[3.65, 3.65, 3.65, 3.65, 3.65, 3.65, 3.65, 3.65, 3.65, 3.65]"
High Volume,Sa,1.7278215885162354,16540,36042.252270573925,105479.97681943468,105480.0,0.023180565316579305,36095.98613141354,"[39.3, 42.662360411442656, 23.03540101713373, 13.665104324031939, 23.304922461893348, 7.794461434511277, 51.74236778627747, 12.748402102689182, 28.811632896299194, 45.81746816570255, 27.4]","[3.65, 3.65, 3.65, 3.65, 3.65, 3.65, 3.65, 3.65, 3.65, 3.65]"
Restricted Bounds,Sa,5.155402660369873,16540,7797.627226430073,70319.90350385531,70320.0,0.09649614468798973,8728.777820394618,"[39.3, 33.415065198926165, 28.010485563231686, 23.862135480773777, 20.23218313159739, 18.5, 19.0, 20.0, 21.477069490583496, 23.671320969149296, 27.4]","[3.65, 3.65, 3.65, 3.65, 3.65, 3.65, 3.65, 3.65, 3.65, 3.65]"
Hyperbolic Fit,Sa,2.168653964996338,16540,5765.620541033038,70319.99681294178,70320.0,0.003187058217008598,5766.636275040898,"[22.65694658829402, 22.701112777446152, 22.8835645852483, 23.20103982763515, 23.648101069709064, 24.2175728240098, 24.90105814885467, 25.68945843225282, 26.573437231860503, 27.543793715684757, 28.591734685956723]","[3.65, 3.65, 3.65, 3.65, 3.65, 3.65, 3.65, 3.65, 3.65, 3.65]"
Mandatory Ref Case,Bfgs,1.6091740131378174,6469,7766.648948590089,70320.00013217317,70320.0,0.00013217316882219166,7766.650695564745,"[39.3, 31.091814899486206, 26.91448219099101, 23.754411023917648, 21.218986349649104, 19.520206282824073, 20.020206282824073, 20.770618728380644, 22.26226767818103, 24.30075540734946, 27.4]","[3.65, 3.65, 3.65, 3.65, 3.65, 3.65, 3.65, 3.65, 3.65, 3.65]"
Variable Heights,Bfgs,1.5902538299560547,17982,6830.769326798756,70320.00000252879,70320.0,2.5287881726399064e-06,6830.769327438233,"[39.3, 31.091814899486206, 26.91448219099101, 23.754411023917648, 21.218986349649104, 19.520206282824073, 20.020206282824073, 20.770618728380644, 22.26226767818103, 24.30075540734946, 27.4]","[8.494577575895104, 4.310975131905276, 3.283919337256306, 2.513872595659769, 1.1195735441444876, 0.5, 0.8080419825726406, 0.9503715944725091, 2.1116685660430976, 3.3118423371013286]"
Full Freedom,Bfgs,22.721431970596313,23692,13300.379362967022,70311.03705386685,70320.0,8.962946133149671,8046740.717937232,"[39.3, 8.38203234121169, 5.003984221669093, 5.0017585321912055, 5.0, 5.0, 5.0, 5.001758631892806, 5.005699124768556, 7.755996587141671, 27.4]","[18.25, 18.241764797969388, 18.25, 18.25, 18.25, 18.25, 18.25, 18.25, 18.244007023244944, 18.25]"
Tight Waist,Bfgs,1.3075931072235107,6432,7775.111051093196,70319.99967982867,70320.0,0.00032017132616601884,7775.121302061006,"[39.3, 31.35795321797695, 27.021630738104207, 23.808713254148824, 21.20002207633447, 19.180206363769763, 19.701994102471645, 20.670612749234774, 22.21938549917015, 24.45620628373017, 27.4]","[3.65, 3.65, 3.65, 3.65, 3.65, 3.65, 3.65, 3.65, 3.65, 3.65]"
Cylindrical Start,Bfgs,3.3329432010650635,8539,7792.742891724774,70320.00026538377,70320.0,0.00026538377278484404,7792.74993457946,"[39.3, 30.714699603271843, 24.874882209970053, 22.392534063256548, 21.128877448693533, 20.534687716281656, 21.034687716281656, 21.842308323458905, 23.120251255870972, 24.907711001127222, 27.4]","[3.65, 3.65, 3.65, 3.65, 3.65, 3.65, 3.65, 3.65, 3.65, 3.65]"
High Volume,Bfgs,0.6778028011322021,6426,7678.238146708591,105480.00275816023,105480.0,0.0027581602334976196,7678.998891495956,"[39.3, 36.34267092647468, 33.46740667131648, 30.907520167536944, 28.934964419587242, 27.738487919424575, 27.339935695171334, 27.52921131387773, 27.840272578899768, 27.799046677657646, 27.4]","[3.65, 3.65, 3.65, 3.65, 3.65, 3.65, 3.65, 3.65, 3.65, 3.65]"
Restricted Bounds,Bfgs,0.33968424797058105,1303,8045.873556755176,70320.0042932129,70320.0,0.004293212899938226,8047.716724455595,"[39.3, 25.496561534259886, 24.120694651351076, 22.92033397647034, 21.745163180301084, 21.245152528396023, 22.297221197879626, 23.490924299576236, 24.714097752120836, 26.028870397875185, 27.4]","[3.65, 3.65, 3.65, 3.65, 3.65, 3.65, 3.65, 3.65, 3.65, 3.65]"
Hyperbolic Fit,Bfgs,0.03878617286682129,294,5961.769435161049,70319.99999971027,70320.0,2.89728632196784e-07,5961.769435169444,"[31.578035623264693, 29.78833630827077, 28.09144232366519, 26.50518419576951, 25.05058786332623, 23.751855105727667, 22.63582989968408, 21.730680503612362, 21.063609868002718, 20.65769473613793, 20.52843268664698]","[3.65, 3.65, 3.65, 3.65, 3.65, 3.65, 3.65, 3.65, 3.65, 3.65]"
Mandatory Ref Case,Pso,16.78580093383789,150200,8035.5216343109405,44906.198245748616,70320.0,25413.801754251384,64586131968474.59,"[39.3, 27.713043323562268, 19.989254281007057, 15.001039967268763, 11.986560181875635, 11.486560181875635, 12.135760436899313, 14.01723362578232, 17.659309962075273, 22.216038160341714, 27.4]","[3.65, 3.65, 3.65, 3.65, 3.65, 3.65, 3.65, 3.65, 3.65, 3.65]"
Variable Heights,Pso,10.439806699752808,150200,10545.721817713707,70320.07218779056,70320.0,0.0721877905598376,11066.829528304805,"[39.3, 27.713043323562268, 19.989254281007057, 15.001039967268763, 11.986560181875635, 11.486560181875635, 12.135760436899313, 14.01723362578232, 17.659309962075273, 22.216038160341714, 27.4]","[5.628872829833604, 8.91114653137075, 2.451196351829925, 3.3933276636644103, 8.916666505323219, 6.940770626212204, 18.25, 7.9041459543505495, 2.7579000633558204, 1.7746580459819516]"
Full Freedom,Pso,18.77245259284973,150200,9573.758840699984,53671.57123079563,70320.0,16648.428769204373,27717018057900.94,"[39.3, 11.179467169686106, 8.833749142357567, 7.237621045490829, 6.126012467418202, 5.626012467418202, 7.3459783109342975, 10.698383779102459, 14.5887919745129, 18.894956388530805, 27.4]","[13.603844233670612, 3.8395928724990576, 1.7434821201627124, 5.139367861885127, 13.858068798701037, 3.5712010089708404, 3.9039279451200573, 2.43299498608949, 11.556443912203815, 4.045481447905771]"
Tight Waist,Pso,18.0576388835907,150200,8063.941256302586,43804.57104712504,70320.0,26515.428952874958,70306797263559.89,"[39.3, 26.895273842189155, 19.748597972893084, 16.990499430906578, 14.58272715720161, 12.772999849281286, 13.272999849281286, 13.971578788717144, 14.70692504075489, 18.9481162683397, 27.4]","[3.65, 3.65, 3.65, 3.65, 3.65, 3.65, 3.65, 3.65, 3.65, 3.65]"
Cylindrical Start,Pso,17.307127952575684,150200,8004.665576629941,49596.90101679454,70320.0,20723.098983205462,42944683154777.79,"[39.3, 28.260965603255084, 23.5021457850113, 18.905083707341696, 15.14398877162054, 13.138706278648144, 13.638706278648144, 14.356532924892784, 16.655181825724465, 20.960752353500506, 27.4]","[3.65, 3.65, 3.65, 3.65, 3.65, 3.65, 3.65, 3.65, 3.65, 3.65]"
High Volume,Pso,9.659297227859497,150200,37851.83842221019,105480.04683541563,105480.0,0.04683541563281324,38071.19403796003,"[39.3, 17.647036759341468, 42.203799569380045, 67.19998679300757, 13.305333360557828, 20.60494846730805, 22.76588310821472, 26.32767107817309, 22.80945674386708, 5.068107038668243, 27.4]","[3.65, 3.65, 3.65, 3.65, 3.65, 3.65, 3.65, 3.65, 3.65, 3.65]"
Restricted Bounds,Pso,16.519737482070923,150200,8193.141042838184,51987.700450160315,70320.0,18332.299549839685,33607320686698.37,"[39.3, 20.997803654234605, 19.947913471522874, 18.95051779794673, 18.002991908049392, 17.502991908049392, 18.05, 19.0, 20.0, 23.07259811902431, 27.4]","[3.65, 3.65, 3.65, 3.65, 3.65, 3.65, 3.65, 3.65, 3.65, 3.65]"
Hyperbolic Fit,Pso,14.429113388061523,150200,5689.730251544289,70319.99946767419,70320.0,0.0005323258083080873,5689.758588620908,"[24.21342399464731, 24.177726537308516, 24.19366820558326, 24.261147205593893, 24.379735601146496, 24.5486927145376, 24.766987741032242, 25.033330008146315, 25.346204895205595, 25.70391323599186, 26.104612053384713]","[3.65, 3.65, 3.65, 3.65, 3.65, 3.65, 3.65, 3.65, 3.65, 3.65]"
